"","p_val","avg_log2FC","pct.1","pct.2","p_val_adj"
"TOP2A",4.45911422270316e-151,2.16056683344098,0.983,0.644,1.05096863114891e-146
"CENPF",5.47095162201783e-126,2.23697866276054,0.924,0.382,1.28944858779338e-121
"CKS2",5.15490037664525e-104,2.02011835505473,0.884,0.474,1.21495846977152e-99
"TPX2",1.77333760188793e-92,2.47562119142656,0.75,0.223,4.17957939388966e-88
"CCNB1",4.0693739028971e-84,1.92582926750776,0.797,0.282,9.59110735173819e-80
"AURKA",1.64365523758378e-78,2.88001859849371,0.619,0.132,3.87393102946121e-74
"ARL6IP1",2.03845060555845e-70,1.58183366320227,0.847,0.444,4.80442423224072e-66
"UBE2S",4.98879926854235e-68,1.36297199071499,0.897,0.59,1.17581009960275e-63
"DLGAP5",1.12066366293291e-64,2.466698919121,0.581,0.139,2.64129218716657e-60
"MKI67",9.06298315190601e-58,1.94097516002431,0.642,0.226,2.13605449907273e-53
"PRC1",1.2226853673794e-57,1.51938242355006,0.779,0.373,2.88174714237651e-53
"BIRC5",1.01681013535245e-56,1.42996649564271,0.799,0.416,2.3965198080122e-52
"CALM2",1.17563212898059e-54,0.631333658955191,0.999,0.972,2.77084736479435e-50
"KPNA2",1.01779550736778e-53,1.69265786369972,0.695,0.322,2.39884223131513e-49
"PRR11",7.72639761739277e-50,2.55604312359762,0.462,0.096,1.8210346544433e-45
"HMMR",5.05364388765357e-49,3.31400458894181,0.388,0.054,1.19109332788107e-44
"PTTG1",2.10581485024718e-47,1.0130413382211,0.884,0.573,4.96319502054757e-43
"GTSE1",2.27126407215859e-42,2.69629648077327,0.394,0.076,5.35314229167058e-38
"DYNLL1",4.07143044625789e-42,0.63990861981521,0.99,0.944,9.59595441878522e-38
"NUSAP1",6.25609961830727e-41,1.34467316381563,0.688,0.359,1.47450011903884e-36
"TUBA1C",1.02549604273724e-39,1.13658046265195,0.807,0.56,2.4169916231274e-35
"ASPM",2.63367186174673e-39,1.9821568353737,0.475,0.147,6.20730121095086e-35
"UBE2C",1.0282896576226e-38,2.3699079620293,0.438,0.127,2.4235758940507e-34
"PBK",7.60434486376093e-38,1.32139555897263,0.689,0.364,1.79226804093981e-33
"TUBB4B",4.25832594114142e-37,1.11865704988719,0.759,0.455,1.00364484106762e-32
"PLK1",1.74903192768754e-36,3.33806356641523,0.294,0.036,4.12229335036676e-32
"JPT1",2.37096684822798e-36,0.734154272965549,0.945,0.82,5.58813176458852e-32
"CEP55",2.83484501857567e-36,1.72918907860931,0.516,0.198,6.68144622428101e-32
"TACC3",1.31949614119752e-35,1.91925035507976,0.455,0.146,3.10992045518844e-31
"HIST1H4C",4.28562211450527e-32,-0.476918707403918,0.769,0.913,1.01007827616775e-27
"NUCKS1",4.85778660339631e-27,0.518906249683872,0.959,0.904,1.14493172455448e-22
"CDKN3",1.15233172960944e-26,1.27405858185234,0.565,0.289,2.71593065351648e-22
"CDC20",2.60477149407391e-26,2.27593858149066,0.301,0.074,6.13918593438279e-22
"SGO2",3.14901110401079e-26,2.65082299535092,0.269,0.056,7.42190427104304e-22
"CCNB2",1.02974125450028e-25,1.73644128830988,0.358,0.111,2.4269971627317e-21
"RBFOX3",1.87562750609217e-25,-2.27347864675654,0.061,0.272,4.42066646910863e-21
"THSD4",1.39586535443826e-24,-1.29295806990289,0.292,0.539,3.28991505387552e-20
"FTL",1.80228226520992e-24,-0.274625334345569,1,1,4.24779907087327e-20
"SPDL1",1.1900735182995e-23,1.15593405955746,0.577,0.324,2.8048842752801e-19
"S100A6",3.80069143736162e-21,-0.339554392951576,1,0.998,8.95784964871759e-17
"NCAPD2",4.16810431307901e-21,1.46351217928773,0.378,0.149,9.82380505549591e-17
"HMGB2",5.55788650481111e-21,1.62343382105195,0.327,0.116,1.30993827031893e-16
"RAD21",1.11166806103642e-20,1.00769787507196,0.545,0.294,2.62009045305673e-16
"KIF11",1.23091568660615e-19,1.62120595936468,0.32,0.115,2.90114518176204e-15
"ACTB",1.97842075681516e-19,0.293392750756422,0.999,0.997,4.66293988173766e-15
"CKAP2",3.67910774530383e-19,1.36258365662875,0.39,0.167,8.67128904490659e-15
"SHANK2",4.6272061878964e-19,-1.64456062108747,0.14,0.337,1.0905862264253e-14
"TPM1",3.96326021401977e-18,0.622488014775253,0.985,0.961,9.34100799842319e-14
"H3F3B",2.52421946808065e-17,0.564196733698322,0.876,0.769,5.94933286431928e-13
"CKS1B",2.57416385949461e-17,0.60031519822941,0.794,0.616,6.06704680044283e-13
"FOS",4.30019079031451e-17,-0.848520297787525,0.429,0.635,1.01351196736923e-12
"SMC4",5.32886178435088e-17,1.1304146353391,0.438,0.224,1.25595943395366e-12
"TGFBI",5.34518466431417e-17,0.957903907664389,0.612,0.424,1.25980657353221e-12
"PMEPA1",1.04908329850103e-16,0.935293464768845,0.621,0.443,2.47258442623708e-12
"RDX",1.74937233678014e-16,0.611130863917343,0.872,0.759,4.12309566055711e-12
"KIF4A",3.18700553369274e-16,1.3992333504513,0.304,0.119,7.51145334236041e-12
"ACTG1",8.33240647120296e-16,0.317543212063843,0.988,0.972,1.96386488119783e-11
"KIF23",9.09075725594766e-16,1.56029300737799,0.275,0.104,2.1426005776543e-11
"CCDC80",1.28241134255137e-15,1.0768216423254,0.606,0.423,3.02251529325933e-11
"BLVRB",1.58526181164686e-15,-0.581338892290255,0.66,0.8,3.73630356387048e-11
"TMPO",1.70749766268539e-15,0.777407403678005,0.644,0.457,4.0244012411832e-11
"PTGR1",2.33439501921251e-15,-0.521562062286562,0.804,0.893,5.50193562078198e-11
"MT2A",3.10387901066219e-15,0.779554157587087,0.908,0.814,7.31553244022971e-11
"HSP90AA1",8.95241944307058e-15,0.291794396678797,0.997,0.994,2.1099957385373e-10
"HMGB1",9.87374186604732e-15,0.250566087438313,0.999,0.989,2.32714222040869e-10
"SIPA1L3",1.83078334057569e-14,-0.70688198485316,0.539,0.703,4.31497325540285e-10
"RBMX",2.24567744956694e-14,0.500514148047029,0.884,0.789,5.29283718088433e-10
"EIF4G2",2.78686179386812e-14,0.526944437597936,0.83,0.715,6.56835456196778e-10
"SPIDR",3.76003849552552e-14,-0.889126407241525,0.285,0.472,8.86203473010409e-10
"SPC25",4.36209564695313e-14,1.42027905569357,0.281,0.111,1.02810232303038e-09
"GLIS3",8.60501455231067e-14,-0.816273772988775,0.376,0.556,2.0281158798341e-09
"SFPQ",1.00452853294223e-13,0.847187969782227,0.525,0.339,2.36757329929155e-09
"DNAJA1",1.22698257742205e-13,0.519827317403468,0.862,0.752,2.89187523672603e-09
"MT-ND3",2.46284314286087e-13,-0.263419800196354,0.996,1,5.80467500340878e-09
"ZFP36L1",2.8395368568638e-13,0.811648710010889,0.548,0.373,6.69250441794228e-09
"TUBA4A",2.91732803424992e-13,0.789139580076826,0.547,0.362,6.87585044392362e-09
"MINCR",2.92379255420407e-13,-1.26738350243716,0.157,0.319,6.89108667100357e-09
"HMGB3",3.21861397726761e-13,0.716379842625571,0.624,0.432,7.58595128302203e-09
"CDK1",3.22927320887982e-13,1.64530156081396,0.27,0.118,7.61107402600885e-09
"KIF20B",3.96102224067997e-13,1.2180125893001,0.286,0.124,9.33573331905861e-09
"MT-ND1",4.90481958332348e-13,-0.431940757567339,0.798,0.916,1.15601692759351e-08
"TNS3",7.17126436146082e-13,-0.730961895202761,0.469,0.627,1.6901952973527e-08
"MT-ND2",2.31080787433614e-12,-0.429345215716304,0.839,0.909,5.44634307902284e-08
"ARHGAP26",2.49100563324234e-12,-0.979698333417827,0.266,0.432,5.87105117698888e-08
"SMYD3",5.15191415718591e-12,-1.00047336524317,0.262,0.421,1.21425464770715e-07
"SLC35F3",8.16096460108993e-12,-0.978654437309068,0.276,0.437,1.92345774683089e-07
"NEAT1",9.55403909419429e-12,-0.412750480140418,0.885,0.946,2.25179147411065e-07
"YWHAH",9.80829828189886e-12,0.57461589184504,0.706,0.515,2.31171782206074e-07
"KMT5A",1.13466452458857e-11,1.10657595324188,0.328,0.172,2.6742908180028e-07
"ATP5MC1",1.25753498720219e-11,-0.298961774655384,0.953,0.971,2.96388421133685e-07
"PTGES3",2.18817036632534e-11,0.365040752374807,0.946,0.85,5.1572987363922e-07
"BCAS3",2.58223786385174e-11,-0.853566990485498,0.238,0.401,6.08607642131217e-07
"SRSF3",3.00392877006158e-11,0.406187396327865,0.86,0.749,7.07995971815814e-07
"BASP1",3.7456922235348e-11,0.33993345596654,0.953,0.895,8.82822200164917e-07
"ANXA1",3.82260073820402e-11,0.364963770473186,0.969,0.912,9.00948767987305e-07
"WWOX",4.44014296792826e-11,-0.931358328205898,0.292,0.452,1.04649729611101e-06
"TRAPPC9",6.12469551891315e-11,-1.06559032477186,0.174,0.319,1.44352948685264e-06
"HNRNPDL",6.32555861959409e-11,0.470340670230176,0.735,0.57,1.49087091105213e-06
"NCL",9.27934413453941e-11,0.299434878060532,0.975,0.964,2.18704861906959e-06
"GPX2",9.34337298993558e-11,-0.842939883094243,0.43,0.577,2.20213957999792e-06
"NCOR2",1.00008059756626e-10,0.801103871202555,0.523,0.362,2.35708996040393e-06
"BZW1",1.05112667365604e-10,0.434916590223086,0.834,0.711,2.47740045713991e-06
"MT-ND5",1.30517567598038e-10,-0.445621306652684,0.737,0.837,3.07616855071817e-06
"NRP2",1.49244449498927e-10,0.699264826490629,0.557,0.39,3.51754243024021e-06
"SYT1",1.67338530507195e-10,-0.725647549236064,0.423,0.573,3.94400182552407e-06
"CUX1",1.79043513150861e-10,-0.56133705076797,0.506,0.644,4.21987656145265e-06
"HSPD1",1.92765034634263e-10,0.28594393078368,0.974,0.947,4.54327910129493e-06
"DBF4",3.81546612821473e-10,1.00671543421738,0.304,0.166,8.99267211758931e-06
"TUBB",3.92051545738387e-10,0.306091159071658,0.958,0.904,9.24026288150804e-06
"LGALS1",4.27621834516274e-10,0.343838534663545,0.99,0.975,1.00786190177141e-05
"KIF5B",7.80882321882551e-10,0.730199473737841,0.443,0.282,1.84046154444498e-05
"CDV3",7.94765758184219e-10,0.587444566013023,0.593,0.463,1.87318341546439e-05
"PRKCA",8.36016671133008e-10,-0.468385718444725,0.615,0.735,1.97040769219339e-05
"CBX3",9.61873839703259e-10,0.274250514200023,0.975,0.93,2.26704045279661e-05
"SOX4",1.16536043983662e-09,0.517477821532313,0.737,0.61,2.74663802065094e-05
"CKAP5",1.55085991283597e-09,0.89307366747901,0.371,0.221,3.65522172856309e-05
"HSPB1",1.58298473774698e-09,0.307509130741177,0.945,0.935,3.73093672839585e-05
"IGFBP7",2.30188072834222e-09,1.05197069790057,0.273,0.139,5.42530268862977e-05
"AGR2",3.01219034106713e-09,-0.772633189991857,0.474,0.584,7.09943141486113e-05
"STMN1",3.30407404056103e-09,0.564533329805957,0.597,0.441,7.78737210619829e-05
"PLCB4",5.66528743862551e-09,-1.06932314105814,0.199,0.327,0.000133525159640965
"EFNA5",6.23236108473902e-09,-0.548018600680178,0.474,0.61,0.000146890518406214
"CDH2",6.3731330766969e-09,0.671628311977296,0.445,0.288,0.000150208373484669
"SLTM",7.14978093840978e-09,0.504955587669841,0.625,0.485,0.00016851318693738
"IMMP2L",9.93195005206851e-09,-0.743498637534497,0.297,0.426,0.000234086130777203
"SQSTM1",1.0653394966127e-08,-0.32523953036561,0.911,0.92,0.000251089865956646
"GPHN",1.08826621131975e-08,-0.8229386632929,0.176,0.31,0.000256493463345953
"PARD3",1.27776890169055e-08,-0.44123878405756,0.622,0.741,0.000301157352439447
"TXNRD1",1.62737830092633e-08,-0.303675591683345,0.955,0.972,0.000383556791745327
"HJURP",1.70971067254186e-08,0.761977079619963,0.384,0.243,0.00040296170841139
"PLOD2",1.91186405349789e-08,0.65908662095428,0.506,0.356,0.000450607238768919
"RABGAP1L",2.09025221216601e-08,-0.955318288080224,0.147,0.266,0.000492651543885407
"HNRNPA2B1",2.17890858742941e-08,0.296592985086869,0.948,0.906,0.000513546964971238
"STIP1",2.57723706924574e-08,0.451118430426288,0.674,0.551,0.000607429004850527
"DENND1A",2.96807421341932e-08,-0.8591641370214,0.211,0.341,0.0006995454113608
"ECT2",2.9975583167007e-08,0.720207266890923,0.438,0.31,0.000706494519663187
"GLS",3.15821139352606e-08,0.72286663097233,0.475,0.334,0.000744358843340158
"LBR",3.92377088017892e-08,0.90507863080399,0.282,0.159,0.00092479355874937
"BRD8",4.21396161761298e-08,0.951998551301228,0.275,0.153,0.000993188613655203
"HNRNPU",4.23461184455972e-08,0.358649392173238,0.836,0.754,0.00099805566564428
"SAT1",4.25778948357847e-08,-0.364054728094125,0.89,0.944,0.00100351840338461
"DOCK5",4.55927271311471e-08,-0.412471836690918,0.632,0.749,0.00107457498575401
"PCDH9",5.01276848496871e-08,-0.544648247034699,0.525,0.636,0.00118145940422228
"DIAPH2",5.01541023553389e-08,-0.967488382863335,0.156,0.274,0.00118208203841298
"BUB3",5.51409060280345e-08,0.743364267992437,0.368,0.231,0.00129961601417475
"SKIL",5.87279203265052e-08,0.608877548186375,0.488,0.356,0.0013841583541754
"MT-ATP6",6.63760211396246e-08,-0.255922819447569,0.974,0.981,0.00156441644223981
"UBTF",7.97345090592796e-08,0.776733688217593,0.352,0.218,0.00187926264401816
"DNAJB6",8.3064863335101e-08,0.600544073985884,0.475,0.325,0.001957755763945
"H2AFZ",1.04074022382831e-07,0.270306363747177,0.951,0.898,0.00245292063354095
"NTN4",1.07200572565639e-07,-0.874749306661804,0.214,0.334,0.00252661029479955
"EHBP1",1.37095605080181e-07,-0.488105530455099,0.506,0.625,0.00323120631613478
"UNG",1.59492062021344e-07,-0.904469020252405,0.156,0.271,0.00375906840978105
"YWHAG",2.01177043777627e-07,0.471285942416857,0.615,0.498,0.00474154174479488
"AP2B1",2.09930725019863e-07,0.344605960063969,0.842,0.768,0.00494785725799314
"AKR1C1",2.24204939215004e-07,-0.534430695803983,0.81,0.879,0.00528428621235842
"RSPO3",2.42192737125444e-07,0.622164550212133,0.467,0.341,0.00570824062130958
"RAD51B",2.89689868054645e-07,-0.845406402774797,0.23,0.344,0.00682770050017992
"C12orf75",2.94247511105936e-07,0.414518181305897,0.731,0.584,0.0069351195892558
"S100P",3.279946127018e-07,-0.734670349203636,0.326,0.449,0.00773050502676872
"EMP3",3.33369473983505e-07,-0.390357519666306,0.738,0.794,0.00785718513231723
"HSPH1",3.59592773367446e-07,0.565162056628352,0.472,0.339,0.00847524207549735
"RBM8A",3.87494296607722e-07,0.406287896739361,0.728,0.636,0.00913285307674739
"TRAM1",4.10938437796815e-07,0.648884345590293,0.533,0.401,0.00968540804043313
"THUMPD3-AS1",4.63724465652453e-07,0.908719333694175,0.297,0.187,0.0109295219309627
"SMS",4.89044344848491e-07,0.337428367089923,0.81,0.717,0.0115262861637341
"CAV1",4.94702630140821e-07,0.380257632786237,0.799,0.735,0.011659646289789
"POLE3",5.17012216628828e-07,0.484498240132359,0.568,0.438,0.0121854609337248
"TBC1D8",5.19040150581135e-07,-0.447167427728772,0.469,0.591,0.0122332573090468
"ANP32E",5.94415424094409e-07,0.429227273014858,0.565,0.449,0.0140097771304811
"HIF1A",6.25480179353998e-07,0.39687839754178,0.686,0.553,0.0147419423471944
"PPP4R2",8.19692167580555e-07,0.867476915877149,0.257,0.147,0.0193193246977061
"POLA1",8.56047876965407e-07,-0.78698752087003,0.206,0.322,0.0201761924121977
"DDX21",8.66449279812717e-07,0.351033328479551,0.815,0.754,0.0204213430759059
"GPC6",9.07881737437644e-07,-0.803960157443938,0.241,0.354,0.0213978646696678
"ID1",9.62949962975622e-07,-0.418776690812523,0.648,0.734,0.0226957676773724
"ZBTB20",1.05357155533279e-06,-0.455756724553943,0.493,0.618,0.0248316279876385
"SRRM2",1.11990558689233e-06,0.302781429552327,0.827,0.737,0.0263950547774653
"SON",1.2316896640149e-06,0.345320672390082,0.727,0.613,0.0290296936911671
"CSGALNACT1",1.32503558374653e-06,-0.555025032486469,0.366,0.485,0.0312297636733221
"CNTN1",1.3452348537168e-06,-0.899674260665064,0.192,0.299,0.0317058402672512
"EDN1",1.56814971371933e-06,0.576510319175141,0.4,0.274,0.0369597206026509
"FXR1",1.58565146143091e-06,0.411026332611886,0.653,0.554,0.037372219294465
"DCBLD2",1.61110374652592e-06,0.389109545294333,0.705,0.616,0.0379721042018694
"GCNT2",1.6741079747298e-06,-0.867043376657799,0.174,0.276,0.0394570508564066
"MT-ATP8",1.84532303228636e-06,-0.321431221104317,0.798,0.847,0.0434924185479573
"SNRPD1",1.87597718583712e-06,0.284460685798145,0.875,0.824,0.0442149062929951
"CCND1",1.97101070135941e-06,0.474679443977187,0.583,0.469,0.0464547512203399
"LMO4",1.97886499542236e-06,0.58522510202041,0.44,0.319,0.0466398690771096
"PRSS23",2.0109932054933e-06,0.626399724582317,0.471,0.344,0.0473970988602716
"PGD",2.30598148692831e-06,-0.25660034034501,0.917,0.957,0.0543496776654133
"FAF1",2.3500161316552e-06,-0.697309298652685,0.205,0.313,0.0553875302069813
"PLAAT3",3.12491814184251e-06,-0.805412861590431,0.206,0.308,0.0736511956850862
"XPO1",3.29420050077436e-06,0.577726484339968,0.487,0.365,0.0776410116027508
"USP22",3.31152972510561e-06,0.500225015611113,0.509,0.385,0.0780494440910141
"ANO6",3.38891645051832e-06,-0.554910018963802,0.301,0.421,0.0798733718222663
"AMD1",3.56910225980256e-06,0.738972661683967,0.262,0.158,0.0841201711612866
"EIF3A",3.91201226146016e-06,0.37238181268647,0.766,0.673,0.0922022169903544
"EXOC4",3.96677151421338e-06,-0.664229172615213,0.262,0.37,0.0934928378184952
"MYEF2",4.29966988136813e-06,0.815534695868614,0.262,0.159,0.101338919433965
"IGFBP4",4.69752031113406e-06,0.288977896941658,0.866,0.814,0.110715856213119
"G6PD",5.35408311648938e-06,-0.272819986120189,0.872,0.899,0.126190384972538
"CENPW",5.45326300108526e-06,0.490570271854919,0.438,0.32,0.128527955672578
"UBE2Q2",5.54290202141671e-06,0.675243606315968,0.273,0.167,0.13064065774277
"CSNK2A1",5.98611821327379e-06,0.478442546993211,0.533,0.41,0.14108682016865
"POLR2A",6.07949319740643e-06,0.537478306403664,0.461,0.347,0.143287575169672
"SLC4A7",6.42807098182457e-06,0.416259962995652,0.512,0.387,0.151503204970623
"NOP58",7.19991226622009e-06,0.539928443381937,0.48,0.378,0.169694732202541
"MYOF",7.6944798930082e-06,-0.399882968621473,0.68,0.746,0.18135119659831
"C1D",8.13204958435999e-06,0.661267425720609,0.301,0.197,0.191664276653781
"NDUFB4",8.97287005846499e-06,-0.329493701148793,0.714,0.759,0.211481574407961
"PCNX2",9.04972874512456e-06,-0.833606805055972,0.174,0.269,0.213293056793841
"TBC1D5",9.30255471869874e-06,-0.581350263628789,0.355,0.45,0.219251912165011
"RFFL",9.65462270474874e-06,-0.568867594529494,0.282,0.389,0.227549802528223
"NEDD4L",9.79944991988043e-06,-0.637330432750132,0.215,0.32,0.230963235161662
"ROR1",9.83950250260183e-06,-0.857650656939769,0.17,0.26,0.231907234483822
"WDR43",1.03945687844077e-05,0.46678196421316,0.689,0.587,0.244989591679705
"LPP",1.10897118512008e-05,-0.38971308878424,0.488,0.582,0.261373418620952
"MED13",1.13022927305666e-05,0.6675185298705,0.317,0.218,0.266383737366725
"TARS",1.19799528647481e-05,0.350277483815313,0.642,0.528,0.282355509069248
"PDXK",1.21993507072263e-05,0.396972967875407,0.613,0.497,0.287526496818617
"WDR45B",1.22491687742292e-05,0.49650432539874,0.526,0.404,0.288700658839808
"UBE2D3",1.22686928612564e-05,0.479333471553475,0.423,0.305,0.289160822046952
"EXOC6B",1.26473774579942e-05,-0.627048355787967,0.301,0.401,0.298086039307465
"RBM28",1.39341443934328e-05,0.610821056648807,0.346,0.231,0.328413849208817
"EIF4E",1.48379364197677e-05,0.792095870279621,0.265,0.169,0.349715323477506
"PTTG1IP",1.5604366930816e-05,0.610024975725985,0.328,0.217,0.367779324192401
"SSH2",1.74964412412161e-05,-0.511941911916448,0.334,0.441,0.412373623614223
"NUFIP2",1.82209621384709e-05,0.563832716711471,0.382,0.276,0.42944985664162
"TMEM41B",2.12162118092061e-05,-0.605330681991606,0.276,0.373,0.500044896131179
"G3BP1",2.17475068525389e-05,0.531215007481237,0.464,0.356,0.51256698900749
"IGF2BP1",2.17794174359734e-05,0.547810953390406,0.33,0.221,0.513319089548458
"NPC2",2.50263375774536e-05,0.700702832771644,0.363,0.26,0.589845750363004
"TFAM",2.50757049285814e-05,0.483018878927309,0.499,0.409,0.591009289461735
"ACIN1",2.62533335099444e-05,0.543349808727966,0.39,0.279,0.618764817495879
"TGFB2",2.64523428946902e-05,0.805084730567598,0.298,0.203,0.623455269684952
"PCM1",2.67211395953387e-05,0.620141247237917,0.417,0.311,0.629790539122538
"WBP11",2.71014064317313e-05,0.500622267314511,0.459,0.348,0.638753048189474
"SMARCD1",2.88565719320292e-05,0.448216574731247,0.458,0.35,0.680120543865997
"SMARCE1",2.920150574705e-05,0.404099472933773,0.59,0.488,0.688250288952222
"BRD7",3.20085972064828e-05,0.37741450512754,0.573,0.45,0.754410627559592
"PDLIM5",3.32614335115713e-05,-0.378797200855887,0.597,0.667,0.783938726434224
"ZYX",3.37486988514682e-05,0.599922299300348,0.33,0.229,0.795423083230254
"UBE2G1",3.38080320084623e-05,0.467988335348604,0.416,0.299,0.796821506407448
"CYTOR",3.38888312329339e-05,-0.40137508295368,0.453,0.546,0.798725863329018
"EIF5",3.54434916817038e-05,0.520731932425176,0.465,0.358,0.835367655446076
"RGS20",3.60660198981848e-05,-0.684422645211797,0.183,0.274,0.850040022980317
"EXT1",3.61097397708188e-05,-0.488625104114912,0.339,0.438,0.851070456658429
"BABAM2",3.61731023243637e-05,-0.700827697544589,0.189,0.277,0.852563848682927
"EIF1B",3.95871248399907e-05,0.570572199559164,0.279,0.181,0.93302894535374
"ANKRD33B",3.99817775251967e-05,-0.743209503174905,0.199,0.286,0.942330514491361
"YY1",4.06176903669627e-05,0.373809277479693,0.56,0.458,0.957318344258944
"SMC2",4.06251284333243e-05,0.596159776885963,0.317,0.22,0.95749365204502
"AMIGO2",4.12658666958589e-05,0.26948691670235,0.847,0.802,0.972595212154697
"KHDRBS1",4.2949911149364e-05,0.407467698247889,0.525,0.418,1
"CNFN",4.51086975837516e-05,-0.574131305354185,0.238,0.341,1
"GLRX",4.9668264920463e-05,-0.70395818179101,0.214,0.303,1
"TCOF1",5.31146107114311e-05,0.505844799719965,0.426,0.32,1
"ABCC3",5.50508388789713e-05,-0.390417477784884,0.554,0.642,1
"AKR1B10",5.56985510610904e-05,-0.275542679565981,0.881,0.901,1
"RICTOR",5.6692892087529e-05,-0.4903126381538,0.307,0.406,1
"CHORDC1",5.81924899418063e-05,0.439903588215793,0.485,0.385,1
"MOB1A",6.17631924025184e-05,0.677053350542865,0.279,0.187,1
"CFAP97",6.83507787413636e-05,0.587807543369282,0.299,0.207,1
"HNRNPUL1",6.85137398914614e-05,0.325657116850466,0.628,0.554,1
"AC245041.2",6.97537237582113e-05,0.586730065519335,0.34,0.248,1
"ZFHX3",7.56943168978694e-05,0.384429388505558,0.499,0.385,1
"JMJD1C",7.60057629083875e-05,-0.350289570314817,0.467,0.557,1
"MARCKS",8.05634073899645e-05,0.479865323836312,0.483,0.376,1
"HNRNPA1",8.75297093401629e-05,0.375710563551201,0.676,0.579,1
"SF3B3",9.32767046940506e-05,0.61855950581662,0.253,0.166,1
"KANSL1",9.34747421726335e-05,0.531938360344163,0.451,0.361,1
"ZBTB38",9.36394839784452e-05,0.420695249318602,0.474,0.372,1
"TOP1",9.52565462538127e-05,0.433720480782098,0.574,0.486,1
"SNORC",9.56785026228592e-05,-0.760548679158784,0.222,0.305,1
"ANTKMT",9.66646025345149e-05,-0.497287951259451,0.249,0.344,1
"ZNF207",9.74942643991063e-05,0.463154679815543,0.468,0.368,1
"JUND",9.76884318705265e-05,-0.391488618968655,0.531,0.598,1
"RAP1B",9.99229877066399e-05,0.345133288078804,0.504,0.402,1
"PPP1R14B",0.000107284489986524,0.281410261007325,0.759,0.678,1
"ZNF106",0.000107959979690736,0.686847245201258,0.257,0.167,1
"H1FX",0.000108960392434233,0.421883082599619,0.565,0.461,1
"PPP1CC",0.000109558448101315,0.557759038921166,0.33,0.232,1
"MSH6",0.00011321066464911,-0.584837434778229,0.233,0.32,1
"NFE2L1",0.000116824231564864,0.516233283189587,0.406,0.307,1
"NFKBIA",0.000120950061335424,-0.675905874082226,0.199,0.28,1
"TTC28",0.000125144448642474,-0.677084856678989,0.234,0.316,1
"PPP3CA",0.000129269214036258,0.397168356037952,0.548,0.452,1
"CA12",0.000129630134267269,-0.481388470633535,0.342,0.437,1
"CD24",0.000130057678624741,0.393397307338495,0.366,0.259,1
"HNRNPD",0.000132114563024399,0.310637759341457,0.744,0.667,1
"CSRP1",0.00013634633437291,0.529130161851599,0.283,0.195,1
"DDX27",0.000137137735557861,0.461277842020557,0.52,0.437,1
"ARPP19",0.000140119216890447,0.38793626220723,0.52,0.412,1
"SEMA3C",0.000144237628915042,0.535951646504203,0.414,0.319,1
"HMGN2",0.000146382979577976,0.31276589704634,0.698,0.608,1
"DPM3",0.000151185103131276,-0.389233614613852,0.435,0.509,1
"MT-ND6",0.000156071886473109,-0.422053213265974,0.334,0.433,1
"GPX4",0.000167183341833422,-0.33964909184957,0.689,0.743,1
"PSMD7",0.000168776725912195,0.350886377611023,0.565,0.455,1
"TSR1",0.000181692903346081,0.632572136464921,0.265,0.178,1
"VCL",0.000185612616756292,0.391313264406196,0.461,0.37,1
"TCEAL9",0.000188013760980009,-0.378406185959536,0.413,0.498,1
"QKI",0.000190002013713964,0.519322641829244,0.344,0.24,1
"DDX5",0.000191602697255625,0.267834547093901,0.676,0.58,1
"SERPINE1",0.000196335642136623,0.652772988349019,0.276,0.193,1
"EIF3J",0.000200717081098263,0.27500951468001,0.734,0.658,1
"MORC4",0.000208492332201254,0.702522285864555,0.262,0.178,1
"ITGB5",0.000215266996556276,-0.465616001152382,0.318,0.404,1
"GALNT13",0.000219518753788274,-0.516679340134698,0.202,0.288,1
"ATAD2",0.000227021339082379,-0.529612372319714,0.36,0.432,1
"ENAH",0.000237393652789447,0.466452637649293,0.485,0.393,1
"SPATS2L",0.000240919490535623,-0.362221614393825,0.56,0.607,1
"SBF2",0.000241147597359796,-0.603905381894324,0.278,0.35,1
"NT5C2",0.000245861773514519,-0.499993358039036,0.279,0.368,1
"FNDC3B",0.000246180598999264,-0.331053647309627,0.483,0.577,1
"PACS1",0.000251179867518834,0.362563727961548,0.539,0.447,1
"UBR5",0.000253792237488572,0.46230339289388,0.308,0.214,1
"GRAMD1B",0.000274274620932893,0.429607299180762,0.5,0.409,1
"KLF6",0.000282234107232171,-0.579025596580675,0.215,0.296,1
"NARS",0.00028367243122664,0.316512419921478,0.679,0.582,1
"FBXO11",0.000292567449425742,0.398284377100935,0.39,0.288,1
"SPP1",0.000298552117662072,-0.673129651597188,0.182,0.26,1
"SBNO1",0.000299324479967383,0.531008842234027,0.33,0.241,1
"FBXL20",0.000337822109156702,-0.66403961182031,0.188,0.266,1
"LARP7",0.000339744370964832,0.351355640148694,0.352,0.251,1
"SYF2",0.000343649080092381,0.503385681609351,0.413,0.313,1
"DNAJA2",0.000345911678955417,0.428035402320723,0.408,0.314,1
"FLNA",0.000352958066114329,0.412973370187668,0.606,0.543,1
"TDG",0.000356873635887451,0.374994542390559,0.49,0.399,1
"EIF4G3",0.000362726331758302,-0.455349378076691,0.333,0.42,1
"PALLD",0.000367272948737578,0.288931008764614,0.562,0.464,1
"BRCA1",0.000373523773109983,-0.618273718448205,0.25,0.328,1
"ARID4B",0.000381548375926047,0.463285605587612,0.42,0.331,1
"ILF3",0.000382248521183257,0.441358441086325,0.432,0.345,1
"DNAJC2",0.000429376343666675,0.47310062355449,0.304,0.215,1
"SLC7A11",0.000430031601442491,0.413935836998247,0.472,0.381,1
"CIAO2A",0.000430122577391791,0.453540570880784,0.304,0.215,1
"MTHFD2",0.000452673945732239,0.444876736185665,0.429,0.353,1
"MAP4K4",0.000452859838184348,0.475156001565473,0.41,0.331,1
"RBM17",0.000477265685574342,0.339540174748695,0.509,0.432,1
"CHMP2A",0.000512890641591487,-0.407563261139786,0.422,0.5,1
"DKC1",0.000524221140565379,0.380641718421239,0.517,0.421,1
"KIF13A",0.000524877823507557,-0.652199448393332,0.193,0.265,1
"UBXN2A",0.000531654669804832,0.547915863345862,0.359,0.279,1
"CNIH4",0.000574607813116413,0.339041416189793,0.506,0.41,1
"CHD4",0.000598025199038915,0.406996876282726,0.487,0.407,1
"CDC25B",0.00061175598802583,0.50933305037521,0.301,0.223,1
"PMM2",0.000624619691713989,0.431087216676501,0.413,0.328,1
"MT1X",0.000689298003441351,0.423355612132371,0.426,0.342,1
"IER3",0.00075420501169289,-0.380327291081638,0.4,0.486,1
"PPP2R3C",0.000758150467353635,0.528582522540605,0.262,0.181,1
"CDK2AP1",0.000800614433055777,0.333810231747932,0.458,0.361,1
"MET",0.000803809166441861,0.489932521988678,0.39,0.313,1
"SAFB",0.000853346155021353,0.448086673187635,0.259,0.176,1
"SNHG16",0.000877603042796486,0.376845637027994,0.494,0.404,1
"UACA",0.000879145428230718,0.396202261961453,0.339,0.252,1
"STAT3",0.000883894228277283,0.401160405202281,0.307,0.224,1
"BHLHE40",0.000910819873475366,-0.454426169024768,0.285,0.364,1
"HDGF",0.000918041526492931,0.27935511830926,0.642,0.54,1
"U2SURP",0.000936373165035682,0.319968924324909,0.599,0.5,1
"ZFP91",0.00094762560136731,0.399578408437728,0.39,0.302,1
"HELLS",0.000972059140087282,-0.355871937976092,0.422,0.494,1
"CDK5RAP2",0.000980646252325791,0.526987957667516,0.265,0.189,1
"NR3C1",0.000990739218820001,0.298529015117907,0.701,0.632,1
"MLLT3",0.00100923110550718,-0.571604414211492,0.218,0.289,1
"KDM1A",0.00101604165940903,0.592425918981233,0.275,0.198,1
"SMARCA1",0.00103307411520729,0.337078382532586,0.459,0.364,1
"TOB1",0.00103924936373577,0.466440129879705,0.324,0.24,1
"STAU1",0.00105806693933082,0.394107144681051,0.448,0.362,1
"DTYMK",0.00117634067852988,0.367944591023199,0.499,0.415,1
"ERBIN",0.00118276026434968,0.569745799825355,0.267,0.198,1
"MIR4435-2HG",0.00118898610811948,-0.609675933059096,0.189,0.255,1
"CETN3",0.00121356053674457,0.389308931112958,0.33,0.245,1
"RC3H1",0.00125054784740216,0.473497911958045,0.26,0.184,1
"TJP1",0.00126243527758918,0.250471341126157,0.702,0.621,1
"IKBIP",0.00126314014600686,0.414971967765022,0.326,0.245,1
"DDX3X",0.00126681693572065,0.378733442188209,0.481,0.392,1
"UBQLN1",0.0013248762815976,0.460207442519601,0.32,0.238,1
"POLD4",0.0013286453509768,-0.296770675412907,0.551,0.628,1
"HERC4",0.00134989200800111,0.471276594391691,0.467,0.392,1
"CALM3",0.00139004523390379,0.270852031490818,0.584,0.489,1
"ROCK1",0.00139131879048478,0.532712400977972,0.256,0.181,1
"U2AF2",0.00139416742681442,0.466003261116232,0.333,0.257,1
"DEK",0.00140890030981423,0.257241618701072,0.749,0.7,1
"BCL3",0.00144560278528175,0.384665087272154,0.432,0.345,1
"PTBP3",0.0015179949963937,0.410065261395449,0.423,0.331,1
"KPNA4",0.00153849564020229,0.415410238372258,0.36,0.283,1
"PAPOLA",0.00154338766340915,0.329691860431388,0.442,0.356,1
"POLR2K",0.00157391893295744,0.413866327752675,0.36,0.282,1
"GRB2",0.00157537503786748,0.445991713295556,0.365,0.28,1
"TUBB3",0.00157666071771047,0.583397899636442,0.273,0.201,1
"HES1",0.00160754475909787,-0.263417316956202,0.672,0.72,1
"MSL3",0.00166293297910854,0.369130709537707,0.31,0.228,1
"CAPRIN1",0.00167005822050683,0.358481026921053,0.493,0.407,1
"COMMD4",0.00167271400549525,0.496958975419065,0.289,0.218,1
"ANP32A",0.00167314237416376,0.293311945043512,0.657,0.594,1
"DHX15",0.00178520180841961,0.436942878416734,0.41,0.324,1
"ARIH1",0.00179063256619805,0.390705342041555,0.499,0.423,1
"IST1",0.00181425607035569,0.32720535077492,0.401,0.307,1
"EPB41L2",0.00186687170230462,0.380727795208787,0.326,0.243,1
"MIR31HG",0.00188442836175079,0.495412173782324,0.42,0.336,1
"ACTR3",0.00192673431637484,0.457840532961905,0.344,0.271,1
"ARIH2",0.00193018943122059,0.458933469865864,0.288,0.214,1
"ACBD3",0.00201200004879479,0.392043449315793,0.401,0.328,1
"MAP1LC3B",0.00201378386529963,0.402405750125308,0.301,0.22,1
"NDUFV3",0.00206292483691607,-0.365592665100961,0.36,0.437,1
"RPS4Y1",0.00207205573604551,-0.287001751341866,0.619,0.692,1
"ATP1B1",0.00212609514339118,-0.366743874864663,0.416,0.486,1
"TM4SF1",0.0021770428675579,0.265408450142455,0.674,0.627,1
"RNMT",0.00230496920204355,0.355541547160764,0.302,0.226,1
"PAQR5",0.0023542459186664,-0.417825139554637,0.257,0.327,1
"OSBPL9",0.00238689588050845,-0.442748340408661,0.25,0.314,1
"TMEM167A",0.0024147010671559,0.336691180778708,0.391,0.31,1
"ACLY",0.00244141855098293,0.292634430066006,0.507,0.427,1
"MYO19",0.00244512192116627,-0.486221963755211,0.199,0.266,1
"FUBP1",0.00246191887639749,0.378284817573658,0.298,0.214,1
"RAD50",0.00246654811464155,0.421791596526444,0.358,0.276,1
"DHRSX",0.00250310348396297,-0.332070708321052,0.371,0.444,1
"PSMD12",0.00250562474457298,0.260046838356889,0.531,0.444,1
"RPAP3",0.00253168826845737,0.306547400789924,0.528,0.441,1
"UBA2",0.0025545730350681,0.393019167168607,0.474,0.401,1
"ITGB3BP",0.00257840659781517,0.417252088278954,0.311,0.238,1
"PPP3R1",0.00258599664776959,0.477941429000243,0.263,0.193,1
"MCU",0.00261598565131745,-0.361488121909404,0.474,0.525,1
"PPP2R2A",0.00267526062452934,0.455941445588437,0.337,0.268,1
"NFIC",0.00271174767274671,0.327597605338867,0.363,0.285,1
"HIP1",0.00283767046267674,-0.358348280423199,0.291,0.359,1
"H2AFV",0.00299496429875532,0.256576605363756,0.674,0.594,1
"CACNA2D1",0.00301191587391826,-0.45905368091121,0.263,0.333,1
"CCND3",0.00303771458847517,-0.394960914106394,0.208,0.279,1
"CYB5B",0.00305694050656484,-0.418457380703688,0.257,0.327,1
"NCOA3",0.0031057813189217,-0.292748136534109,0.64,0.693,1
"LYRM2",0.00329356920141598,-0.493428977511066,0.209,0.272,1
"PFKP",0.0033469134956123,0.267455962986615,0.519,0.444,1
"ZMAT2",0.00364844110256421,0.346739264548185,0.504,0.441,1
"BMPR2",0.00373423983161232,0.414396672054129,0.382,0.305,1
"PAFAH1B2",0.00382158469903276,0.499545786281132,0.269,0.204,1
"MYL12A",0.00389324361630743,0.309487959020874,0.517,0.435,1
"RBM27",0.00396128181944151,0.376245572354617,0.39,0.317,1
"NUB1",0.00401794298151696,0.319949911044144,0.358,0.289,1
"YTHDC1",0.00406707864090597,0.395620382641727,0.413,0.337,1
"PSMD10",0.00411718397684505,0.461352975922355,0.342,0.28,1
"FBXO21",0.00414243063720844,0.428953949392968,0.318,0.252,1
"PNN",0.00418664170049389,0.322141901024331,0.464,0.384,1
"GCLC",0.00421351585085427,-0.35337654642709,0.342,0.413,1
"DENND5B",0.00422208739894829,-0.371908735859855,0.378,0.441,1
"ABL2",0.00427554093074526,0.31733834858888,0.256,0.186,1
"ANTXR1",0.00428839932445456,0.296871826054121,0.515,0.43,1
"CEMIP2",0.00432888681907201,0.459327174451808,0.275,0.209,1
"FRA10AC1",0.00438866651345053,0.527788116945386,0.256,0.195,1
"JAG1",0.00447351228466796,0.447440234619146,0.317,0.243,1
"CD99",0.0046766078817093,-0.333579829979131,0.464,0.517,1
"CLTB",0.00471051303933968,-0.510498632055202,0.205,0.263,1
"BAZ1B",0.00481984192357945,0.343542358828017,0.5,0.423,1
"PAK4",0.00507992712517404,0.380825609479001,0.311,0.241,1
"MORF4L2",0.00508102347827915,0.325967413028745,0.477,0.399,1
"THRAP3",0.00512014672598424,0.374751305743463,0.34,0.271,1
"DDX17",0.00524062240254425,0.373251475428821,0.366,0.302,1
"RAD23B",0.00524796786393871,0.290644797714617,0.374,0.3,1
"STK3",0.00526753370866125,-0.493425464899595,0.202,0.26,1
"ARF1",0.00528288346261101,0.350423198028636,0.484,0.404,1
"M6PR",0.00550803815707765,0.449493398776804,0.26,0.195,1
"RASA2",0.00556809818166632,0.397206844463946,0.281,0.212,1
"PSIP1",0.0057283650754588,0.293036251667062,0.442,0.364,1
"EIF2S3",0.00587272984840132,-0.258330237012343,0.401,0.461,1
"GLI2",0.00590988128909644,0.446407527508475,0.269,0.203,1
"CCDC47",0.00593221959422359,0.257313168478792,0.375,0.294,1
"TRIM28",0.00593233993032024,0.282421451496382,0.503,0.426,1
"GABPB1-AS1",0.00613220415235951,0.310402405874798,0.365,0.291,1
"SLC7A5",0.0061620339740513,0.277593340699066,0.613,0.543,1
"UBASH3B",0.00618620274123245,-0.506656020118943,0.214,0.272,1
"NRP1",0.00619004084426236,0.275659123838033,0.478,0.409,1
"DUSP23",0.00620203396644846,-0.379785104911081,0.206,0.269,1
"RFC3",0.00622890523427747,0.309541216418367,0.358,0.283,1
"GPCPD1",0.00624757394043357,-0.303322741810501,0.217,0.283,1
"GCC2",0.00625049878234013,-0.427243742079921,0.24,0.303,1
"RBBP6",0.00632774673903456,0.408352833229675,0.278,0.212,1
"ROCK2",0.00660262705719841,0.390706576631845,0.385,0.324,1
"COP1",0.00671748887927143,-0.419810816661584,0.221,0.28,1
"SENP6",0.00673423110474817,0.453637100917435,0.27,0.209,1
"TAX1BP1",0.00681994767748328,0.295152138143332,0.554,0.498,1
"MSI2",0.00685022790065795,-0.345200060794824,0.349,0.404,1
"DAZAP2",0.00712705757921258,0.275711352783967,0.429,0.35,1
"AHCY",0.00727746561639067,-0.337674501326448,0.346,0.402,1
"SCAND1",0.00731088304070314,-0.344224241236722,0.459,0.511,1
"UBE2Z",0.00733677331490105,0.431529432445305,0.262,0.201,1
"RHOC",0.00743489124768754,0.271106051330702,0.438,0.361,1
"GALNT1",0.00751198353282934,0.489481432906134,0.256,0.195,1
"AP2M1",0.00753814727835049,0.415503245522358,0.323,0.26,1
"BCLAF1",0.00765185192065436,0.287149239660708,0.39,0.316,1
"EBNA1BP2",0.00766699539768934,-0.443928300313236,0.234,0.291,1
"DYNC1LI2",0.0076901082094123,0.36687359825692,0.294,0.228,1
"TGM2",0.00780377021705884,0.411929930762811,0.353,0.285,1
"MYH9",0.00789958160760131,0.454288570714558,0.334,0.271,1
"GOPC",0.00793865373397964,0.379850613058927,0.281,0.218,1
"SMAD2",0.00797026323655973,0.273459786607582,0.33,0.259,1
"FKBP1A",0.00804449062502338,0.313581858925675,0.394,0.328,1
"ABCC2",0.00812251505848749,-0.294676932707208,0.491,0.548,1
"SMC3",0.00863627241183457,0.323373993591175,0.403,0.331,1
"PUM1",0.00863737484987601,0.385666810820001,0.353,0.286,1
"ADSS",0.00875837415875844,0.261481531271413,0.471,0.392,1
"MAT2A",0.00879694653916743,0.465911757171763,0.281,0.22,1
"SNX5",0.00879743238660034,0.302356402233999,0.353,0.285,1
"CNOT1",0.00881144834735846,0.398875830186416,0.342,0.274,1
"GABRB3",0.00886559700222322,0.440914493091469,0.491,0.441,1
"PIK3C2A",0.00894545343588699,0.285966982226235,0.307,0.24,1
"ASXL1",0.00912580672816113,0.398617063731456,0.349,0.286,1
"CLU",0.00924320721959811,-0.278277441550134,0.849,0.856,1
"PCYOX1",0.00924623005495635,0.323864082405344,0.283,0.22,1
"VTI1B",0.00938737642479266,0.312240066158224,0.369,0.297,1
"CDK2AP2",0.00952439298395823,0.353228186151649,0.339,0.266,1
"BRD9",0.0096110078831381,0.397357710339638,0.356,0.291,1
"PPP2CA",0.00963140634491127,0.298619784385693,0.343,0.272,1
"UBE2A",0.00978037696178309,0.325194766809141,0.327,0.26,1
"BRD4",0.00988416768453058,0.300469562456666,0.365,0.289,1
"CDC42",0.00992503968411259,0.250278659734355,0.6,0.539,1
"MRPL55",0.0101408449656168,0.301963728771659,0.41,0.345,1
"PTPN11",0.0102057761245039,0.276312261730855,0.427,0.345,1
"UBE2R2",0.0102240059590699,0.323385447567285,0.462,0.412,1
"YME1L1",0.0103803925435781,0.304948088786474,0.422,0.367,1
"KDM2A",0.0104938331384052,0.388524061633091,0.31,0.246,1
"SF3B1",0.010877307908429,0.329519652522405,0.368,0.3,1
"ZNF480",0.01114816497666,-0.432048599980788,0.254,0.303,1
"SUDS3",0.0112009095630098,0.325245156286482,0.391,0.324,1
"C1orf131",0.0112036927437684,0.295559117332041,0.379,0.308,1
"CSNK1A1",0.0113191862956659,0.389147372754657,0.404,0.342,1
"PAPPA",0.01137446505095,-0.328251394118358,0.56,0.585,1
"SLC39A10",0.0118610850340496,0.270238682632866,0.442,0.378,1
"HUWE1",0.0118687711872622,0.331944058879966,0.403,0.336,1
"TMEM183A",0.0119063617860425,0.31871667780387,0.31,0.243,1
"TACC2",0.012115116853504,-0.315600017080025,0.331,0.392,1
"BAX",0.0122881675661011,0.255488636697998,0.504,0.437,1
"LSM14A",0.0124741314277366,0.358415917157469,0.41,0.347,1
"GRINA",0.0125012350538025,-0.402277785860958,0.231,0.289,1
"METRN",0.0125155056583487,-0.338656434695446,0.269,0.328,1
"CBX1",0.0125381326981759,0.261954231881218,0.657,0.615,1
"LARP1",0.0125399067734286,0.297769948324688,0.401,0.336,1
"G3BP2",0.0125503774448004,-0.322691664959693,0.324,0.382,1
"ARHGAP35",0.012605324000198,0.331619388926909,0.318,0.255,1
"CLASP2",0.0134247907255605,-0.306991894788058,0.199,0.255,1
"FGFR1",0.0135560098381399,-0.503568197019153,0.206,0.26,1
"MPHOSPH6",0.0135617695452011,0.308967647965336,0.305,0.243,1
"MYBL2",0.013705886099919,0.330700336598947,0.289,0.231,1
"MPZL1",0.0137919647216706,0.335547612316085,0.301,0.234,1
"HACD3",0.0140705812276426,0.319336335492682,0.417,0.353,1
"SRPK1",0.0141175176545849,0.352536941777003,0.315,0.252,1
"ATF4",0.0141492762591031,0.46545954768853,0.291,0.24,1
"RNPS1",0.0141532041426392,0.373042968007763,0.448,0.379,1
"SMARCC1",0.0143179593689139,0.384174004213249,0.328,0.269,1
"GNL3",0.0143509268573509,0.289467692559473,0.375,0.3,1
"ELK3",0.0143744809254553,0.443455405959836,0.318,0.263,1
"PLD3",0.0145178339872971,-0.356387888139075,0.241,0.289,1
"TMED2",0.0145454783410575,0.294117144674226,0.436,0.378,1
"NPAS2",0.0146424011661165,-0.267477039609543,0.308,0.372,1
"SMURF2",0.0147086733997477,-0.308484929163097,0.276,0.33,1
"NAXE",0.0147824237514664,-0.325180733637806,0.31,0.365,1
"RALBP1",0.0148067279778317,0.305527851278634,0.497,0.421,1
"PPP6R3",0.0149867454063533,0.349943901460406,0.288,0.226,1
"FGD6",0.0151454900356999,-0.318599046844966,0.321,0.378,1
"TAF1D",0.015362484545135,0.327220761544626,0.398,0.339,1
"PKP4",0.0154553705702056,-0.279799503675134,0.279,0.337,1
"VRK2",0.0160209959269667,0.297594582373566,0.477,0.409,1
"MPC2",0.0161024272660178,-0.391841794933853,0.326,0.362,1
"MTLN",0.0162161785768879,0.311399448651088,0.438,0.384,1
"TMA16",0.0167525198340487,0.285351718857135,0.379,0.31,1
"BTG1",0.0169006789507344,0.297568869775457,0.44,0.373,1
"ALDH3A1",0.0170438250650623,-0.284741642677867,0.526,0.59,1
"TPD52",0.0171591381358682,0.260341452405534,0.427,0.356,1
"SNRPA",0.017230497178349,0.32571427878222,0.339,0.277,1
"MCFD2",0.0173711115350015,0.289579208958725,0.379,0.322,1
"PYURF",0.0175214217755967,0.365360679813908,0.307,0.243,1
"ZNF706",0.0176123064345799,0.270084093025834,0.491,0.432,1
"PHF19",0.0178281847656779,0.348437802581059,0.334,0.274,1
"CSKMT",0.0178808449474588,0.387994830430853,0.297,0.241,1
"FAM120A",0.0179938822713149,0.326018479776214,0.324,0.266,1
"LUC7L3",0.0182076069713771,0.271514314546584,0.547,0.486,1
"SH3D19",0.0182583096376187,-0.396405850483999,0.26,0.313,1
"OSTC",0.0182703691813974,0.325898873442334,0.25,0.192,1
"PPP1R12A",0.0183378701830094,0.384271220846197,0.34,0.283,1
"DNAJB1",0.0184879139393933,0.32487542848735,0.286,0.232,1
"ACP1",0.0186364436260423,-0.258026667442109,0.535,0.576,1
"CWC25",0.0186588152333585,0.364532469073996,0.272,0.214,1
"CTNND1",0.018757015866863,-0.394465815600532,0.257,0.31,1
"ATP2A2",0.0201669700620313,0.250904268947697,0.504,0.446,1
"GNG12",0.0204128659462908,0.296282328458666,0.298,0.24,1
"CYB5A",0.0204571669559133,-0.399436343942734,0.244,0.299,1
"SYNGR2",0.0206469779572376,-0.339908763856249,0.289,0.345,1
"TM4SF20",0.0207719473029687,-0.537356794818469,0.276,0.32,1
"DNAJC7",0.0211338212618296,0.306217811559074,0.382,0.333,1
"ABCC4",0.0219520707673256,-0.299142994661434,0.256,0.313,1
"SRGAP1",0.0221715805481186,-0.35069583786318,0.467,0.503,1
"EIF3B",0.0222426408689266,0.340575628282925,0.328,0.272,1
"DUXAP8",0.0226270301274295,-0.395885134578943,0.26,0.303,1
"CARHSP1",0.0227109696403585,-0.26437998315628,0.376,0.427,1
"STX8",0.0229167718066838,-0.30291021972939,0.346,0.387,1
"NUDCD3",0.023017434075044,0.323424931357037,0.286,0.223,1
"GLRX3",0.0238120921697831,0.398526618640624,0.265,0.211,1
"ARL3",0.0239139317422078,-0.251795157123802,0.391,0.45,1
"TTC1",0.0241201206600681,0.257471592665233,0.438,0.389,1
"ANKIB1",0.0243795084201359,0.399458054465573,0.283,0.228,1
"ARID1B",0.0246912112924069,-0.320805198648483,0.278,0.322,1
"BOD1L1",0.0249300442318334,0.375850094680353,0.269,0.214,1
"DDX42",0.0249383037462013,0.271099857900696,0.32,0.263,1
"SH3GLB1",0.0253854304509142,0.405021146293554,0.283,0.229,1
"RPF2",0.025396057765847,0.347660562434456,0.256,0.2,1
"UBE2V2",0.0254390174207854,0.320046078110403,0.265,0.214,1
"COMMD1",0.0258071083183119,-0.353044871949639,0.285,0.33,1
"MCM4",0.025846434408284,-0.392313509740072,0.254,0.296,1
"ILF2",0.026247252663614,0.379631801342809,0.307,0.252,1
"NF1",0.0263996078022234,-0.280153078379038,0.414,0.444,1
"PWP1",0.026449497187273,0.29064301395651,0.515,0.483,1
"PLK2",0.02646891552614,-0.267788111104311,0.326,0.379,1
"SINHCAF",0.0270947337907952,0.294586284714694,0.347,0.288,1
"TMEM205",0.027110064565005,-0.385382144221188,0.246,0.291,1
"HECTD1",0.0274329162280147,0.301997052201028,0.304,0.246,1
"PRPF4",0.0275962333539744,0.369036216849803,0.27,0.217,1
"RPTOR",0.0280025499949429,-0.328554131767603,0.205,0.252,1
"NRBP1",0.0282911985902702,0.278562709468088,0.438,0.376,1
"AC016747.1",0.028434629471567,0.267198827651195,0.289,0.232,1
"SMNDC1",0.0292461321800782,0.365777518324558,0.301,0.254,1
"C4orf3",0.0296388877559379,-0.351068861492613,0.323,0.362,1
"CEBPZOS",0.0296536035777194,0.285415985173728,0.401,0.345,1
"STK32C",0.0298811316506808,-0.321127546593112,0.253,0.303,1
"WSB1",0.0302494890541944,-0.414994863807756,0.209,0.254,1
"TAOK3",0.0305141922138488,-0.294012364311517,0.27,0.325,1
"STAG2",0.0306893610060961,-0.366404727895661,0.39,0.423,1
"EPC1",0.0315966116390032,0.269240132592898,0.288,0.235,1
"NECTIN2",0.0319130284853456,0.318887764734704,0.266,0.214,1
"REXO4",0.0319989935839409,0.280351495875044,0.324,0.272,1
"HNRNPH3",0.0331416922747445,0.260205901166524,0.474,0.423,1
"CCDC59",0.0342772267284237,0.251382784215346,0.358,0.305,1
"ARGLU1",0.0342891337191181,-0.260951581893177,0.358,0.398,1
"COPA",0.0345817202152291,0.304350628446689,0.318,0.26,1
"PKN2",0.0350285479100719,0.295128112777118,0.336,0.288,1
"DST",0.0351365224071472,-0.260164311138315,0.411,0.455,1
"SQLE",0.0356177194740241,0.312494269669951,0.36,0.302,1
"GSR",0.0357291983420628,0.329993508291492,0.311,0.263,1
"VMA21",0.0359624586065468,-0.295186410123302,0.333,0.368,1
"SAR1A",0.0361760874579295,0.34893728406375,0.25,0.204,1
"CDC42SE2",0.0366521639997344,0.363005643372763,0.254,0.207,1
"CGGBP1",0.0374593928419041,0.333047778581928,0.279,0.228,1
"CORO1C",0.0375263105829941,0.305318544944281,0.347,0.294,1
"SNW1",0.0376356687961082,0.251822114697047,0.424,0.379,1
"TLK2",0.0379362982598084,0.29811741030557,0.273,0.226,1
"PITPNA",0.038661282455921,0.256399255722228,0.259,0.206,1
"ATP1B3",0.0400650324452705,0.252721905569739,0.388,0.33,1
"ADAM9",0.040270080205125,0.293279822602357,0.326,0.277,1
"NDUFB3",0.0419465994274958,-0.265862486988267,0.291,0.339,1
"SUGT1",0.0420835352214327,0.300393892455339,0.275,0.22,1
"TFPI2",0.043034644675586,-0.288811297199643,0.263,0.311,1
"SNHG3",0.0432880009770268,0.313587175391908,0.307,0.26,1
"NIPBL",0.0440456036841557,0.402577993386687,0.272,0.223,1
"NAA50",0.0458141856703599,0.329209838828227,0.291,0.241,1
"CHMP4B",0.0466540266674688,0.329273731839999,0.275,0.228,1
"POLR2G",0.048824950579359,-0.275297493687171,0.371,0.415,1
"USP47",0.049326727683536,0.257782575440715,0.285,0.237,1
"RNF10",0.0494278096947653,0.268682034864955,0.279,0.231,1
"MRPS15",0.0512899221499828,-0.329398761301001,0.225,0.271,1
"TCP1",0.0520788613341662,0.311912094879117,0.346,0.302,1
"DCTN2",0.0527066417751304,0.317199227714248,0.279,0.234,1
"AFG3L2",0.0537356908122655,0.256597159644751,0.304,0.255,1
"TESC",0.054186858268285,-0.399129917996887,0.234,0.268,1
"C15orf61",0.0546336486916444,-0.290871642748704,0.267,0.311,1
"DDX10",0.0547217983849097,0.265389621819336,0.334,0.285,1
"METTL16",0.0547996626856686,-0.296159865615473,0.215,0.255,1
"EPS8",0.0553181572131812,-0.293176601704025,0.256,0.3,1
"CD59",0.0563970024303845,0.3273046069788,0.384,0.35,1
"GRIN2B",0.0567824488197563,-0.288449977633694,0.283,0.325,1
"DCTPP1",0.0577933721402152,-0.288479000235292,0.238,0.283,1
"UBE2B",0.0580679063018093,0.276352609504832,0.297,0.249,1
"HDAC8",0.059446856180885,-0.290785445824177,0.218,0.262,1
"WASF2",0.0610418943723377,0.290375330888873,0.263,0.215,1
"MPRIP",0.0624771552884073,0.313589728765895,0.464,0.427,1
"BCL2L1",0.0633437094446083,-0.35343192190957,0.235,0.274,1
"TMEM97",0.0679455552298576,-0.315675484292852,0.324,0.361,1
"PTRH2",0.068062527407369,0.274712056858833,0.385,0.339,1
"B4GALT1",0.0684619960241102,0.292262352156066,0.358,0.314,1
"DANCR",0.0698480298622059,-0.290526589296377,0.218,0.254,1
"NAA15",0.069889307041659,0.296955337840632,0.259,0.218,1
"TSPAN3",0.0716554798907141,0.297549702333163,0.278,0.231,1
"PARN",0.0717230628289072,0.292315042094738,0.278,0.232,1
"CADM1",0.072371751865258,0.270627416301844,0.269,0.224,1
"EGFR",0.0724563946623167,-0.297761770333069,0.397,0.426,1
"APP",0.073207808826563,-0.307919654563157,0.391,0.416,1
"CCDC88A",0.0743175298603975,0.317806481530264,0.299,0.255,1
"PUS7",0.074469709145586,0.294816655962011,0.257,0.214,1
"USP8",0.0756703663362702,0.359669847974618,0.288,0.254,1
"AGAP1",0.0787868844736043,-0.257021340918654,0.39,0.413,1
"NCBP3",0.0790689050436175,0.262450145966833,0.301,0.254,1
"DNM1",0.0803385487665222,0.280065371994176,0.289,0.245,1
"LAS1L",0.0811630307411478,0.264429303035311,0.251,0.211,1
"ACOT13",0.0823777236583897,-0.319348130485626,0.237,0.268,1
"AKAP12",0.0836295887138301,-0.324624272729087,0.422,0.443,1
"TUT4",0.0838403639966275,0.289300533445178,0.269,0.228,1
"CYP51A1",0.0841615576292066,0.261752444703848,0.279,0.238,1
"TNRC6B",0.0863492027740968,0.313502805101283,0.273,0.232,1
"RUVBL2",0.0873716665851194,0.262073510124059,0.299,0.259,1
"NCKAP1",0.0874165559198665,0.309457833646915,0.294,0.257,1
"THSD7A",0.0878913359928942,-0.303258592927322,0.301,0.336,1
"ELF2",0.0881881228274696,0.258557827075032,0.259,0.22,1
"IDH1",0.0882113924219085,0.277581824363878,0.276,0.235,1
"RBM47",0.0889705161420659,-0.25190351795249,0.349,0.381,1
"CCAR1",0.0903226559674763,0.251202398816453,0.359,0.319,1
"DOCK10",0.092779010656231,-0.296866869554514,0.305,0.342,1
"ENSA",0.0939471949976011,-0.259884488821637,0.247,0.283,1
"JUNB",0.0983605255849993,0.290785578310094,0.259,0.217,1
"FOXP1",0.0990498690984955,0.303886403357176,0.314,0.276,1
"MFAP1",0.100436400551413,0.263388597619126,0.253,0.212,1
"ATP6V1E1",0.10225818893101,-0.274668517066609,0.247,0.279,1
"WDR70",0.105254025445499,-0.313912656530726,0.238,0.271,1
"MYO1B",0.107466111980123,-0.259151901645281,0.339,0.373,1
"RAB14",0.111736523166865,0.262672881548222,0.314,0.274,1
"LINC01578",0.112524790395433,-0.273520564299505,0.235,0.265,1
"JUP",0.113435345536981,-0.270956673263455,0.285,0.314,1
"TANC2",0.115946387086826,0.329773409130718,0.343,0.302,1
"CLSPN",0.115985693606098,-0.320310473101304,0.247,0.274,1
"SCD",0.117169848821704,-0.30117760105879,0.27,0.296,1
"RBM42",0.118148805019701,0.27856987117421,0.275,0.238,1
"RTN3",0.122785870906952,0.287053637450425,0.294,0.265,1
"CTPS1",0.123421534606373,0.267733148696821,0.272,0.238,1
"ITGB1BP1",0.124424186019706,0.262801102908744,0.289,0.252,1
"NCBP2",0.125209113716361,0.256226135944028,0.278,0.238,1
"SEC31A",0.12629767521254,0.273643045433686,0.265,0.237,1
"RRM1",0.13180797348234,0.304665618577391,0.297,0.269,1
"RHEB",0.132022804488063,0.254634508329439,0.301,0.266,1
"GIGYF2",0.136388999719598,0.292777666953067,0.318,0.282,1
"DLL3",0.141067869442663,-0.252126417577409,0.23,0.259,1
"SNX17",0.170636467418732,-0.276320329635578,0.24,0.266,1
"MAGOH",0.180401073203901,0.267927228004138,0.262,0.235,1
"UBE2E2",0.185949215084606,-0.271717830064018,0.297,0.324,1
"MRPL34",0.214242806248246,-0.257579362535606,0.27,0.291,1
"TCIM",0.241182648496723,-0.264685971387586,0.246,0.269,1
"SKAP2",0.249442023862388,0.265104135866441,0.275,0.249,1
"LBH",0.286773314446972,0.285725126326658,0.423,0.398,1
"PPP1CB",0.334517563921619,0.250875092533707,0.273,0.251,1
